{
  "className": "Atmosphere",
  "properties": {
    "Decay": [
      0.3607843220233917,
      0.23529411852359772,
      0.05098039284348488
    ],
    "Haze": 10.0,
    "Density": 0.7580000162124634
  }
}