{
  "className": "ColorCorrectionEffect",
  "properties": {
    "Saturation": 1.0,
    "Brightness": 0.029999999329447746,
    "Contrast": 0.10000000149011612
  }
}